date,tool_id,process_type,wafers_processed,runtime_hours,idle_hours,cleanroom_temp,humidity,shift,energy_kwh
01-01-2026,T4,Etch,156,19.356292,5.177951106,21.78333101,41.49962374,Day,787.06
01-01-2026,T3,Deposition,51,18.66398527,7.569868963,20.00311506,54.88317339,Day,666.29
01-01-2026,T1,Deposition,285,10.2767491,4.673422622,21.59944389,40.69998495,Night,1044.23
01-01-2026,T4,Lithography,113,15.60115472,7.019582847,22.72123015,46.75748878,Night,833.8
01-01-2026,T2,Etch,63,19.70076818,3.132296384,20.39068846,50.2634954,Night,618.01
02-01-2026,T5,Lithography,255,14.69272729,2.275652615,23.02144564,46.37733812,Day,1130.38
02-01-2026,T2,Deposition,240,20.1074173,4.148278934,21.58060094,53.89988299,Day,1074.39
02-01-2026,T4,Etch,89,20.13440618,6.231240771,22.15876853,48.80126748,Night,786.92
02-01-2026,T1,Etch,206,19.62636377,1.521854506,23.94754775,51.58367154,Day,987.37
02-01-2026,T3,Lithography,172,10.88853582,3.5092601,20.46347624,52.94655139,Day,927.45
03-01-2026,T4,Deposition,97,14.44981903,5.681888769,22.66368943,48.86946682,Day,720.22
03-01-2026,T3,Etch,255,20.18696589,6.052106648,20.94393968,43.84102484,Day,1037.25
03-01-2026,T3,Etch,64,11.33068985,4.075355513,20.80687681,53.43645394,Day,620.47
03-01-2026,T4,Deposition,200,17.25300855,4.778887639,20.8122449,54.14280356,Day,933.44
03-01-2026,T3,Lithography,77,21.15637183,6.656842657,22.53361503,53.07190885,Night,862.31
04-01-2026,T3,Deposition,141,14.27557406,7.347799091,21.088529,49.71535181,Day,824.43
04-01-2026,T1,Etch,52,10.08342557,4.575231118,21.66964401,43.33161716,Day,455.07
04-01-2026,T3,Deposition,145,16.69722402,3.826853197,20.25956899,43.80873121,Night,806.59
04-01-2026,T4,Deposition,179,18.54724708,2.03660851,23.99096194,44.00171521,Day,935.26
04-01-2026,T5,Etch,196,18.16846542,4.716542083,21.79113266,48.29339634,Day,945.61
05-01-2026,T4,Lithography,233,12.85165053,6.09751444,21.47113253,49.48458746,Day,1097.89
05-01-2026,T1,Etch,236,12.23822212,1.285425991,22.36357177,50.16346543,Night,983.53
05-01-2026,T3,Deposition,196,14.18399185,1.673235858,23.76209306,45.96358032,Day,944.84
05-01-2026,T3,Etch,227,21.09632342,7.141375474,21.03176651,49.89976069,Day,1067.47
05-01-2026,T2,Etch,109,13.1299501,7.973775898,23.86167741,48.3744018,Night,660.13
06-01-2026,T1,Lithography,97,20.15993371,6.994270043,21.61803251,53.31655148,Day,918.48
06-01-2026,T4,Lithography,249,19.42408781,5.682917783,22.32274649,45.5842415,Day,1186.43
06-01-2026,T2,Deposition,257,21.93348955,2.231476769,20.07230145,47.40840573,Day,1127.6
06-01-2026,T4,Lithography,194,13.6967295,4.797781614,22.03525631,49.54498927,Day,1018.91
06-01-2026,T5,Lithography,57,17.57366351,6.563679125,22.01054837,48.65355827,Night,714.61
07-01-2026,T1,Etch,110,15.99032056,5.004029394,23.07421606,40.65405658,Night,704.38
07-01-2026,T5,Deposition,173,10.1854794,7.498229938,21.71273659,54.49982229,Day,809.05
07-01-2026,T3,Etch,240,13.66836423,2.336377218,21.07389943,47.27919811,Night,882.06
07-01-2026,T2,Lithography,223,11.16611793,5.305050587,23.9602154,42.10126023,Night,953.25
07-01-2026,T3,Deposition,267,18.88922341,5.879110187,22.80993634,45.39236727,Night,1193.01
08-01-2026,T3,Deposition,201,20.95888663,4.579396792,22.00606518,51.97442768,Day,1018.2
08-01-2026,T1,Deposition,191,20.6800641,3.365966098,21.50233181,41.4097291,Night,989.86
08-01-2026,T1,Deposition,239,13.43849503,5.135832824,20.122001,40.56022283,Day,996.65
08-01-2026,T3,Etch,57,19.23992264,2.510747192,22.4915619,41.28021197,Day,636.1
08-01-2026,T3,Lithography,101,11.59294507,7.78675807,22.85838042,40.61601275,Night,743.74
09-01-2026,T3,Deposition,139,10.30420892,7.738538903,23.34392048,50.43961309,Day,681.96
09-01-2026,T1,Lithography,145,16.59071998,6.002171459,22.64078951,44.19900845,Night,934.26
09-01-2026,T5,Lithography,240,15.22807478,6.110275216,20.19086451,48.49055816,Night,1105.46
09-01-2026,T1,Deposition,239,18.44389431,4.319216804,20.39133664,47.37423813,Night,1068.85
09-01-2026,T4,Etch,271,17.79728419,1.336412469,23.79658293,53.30020581,Night,1073.31
10-01-2026,T5,Etch,65,10.84682497,5.496934947,20.10604524,48.78663372,Night,545.96
10-01-2026,T3,Deposition,173,11.54200424,6.678429237,23.2825579,49.38909505,Day,841.81
10-01-2026,T3,Etch,61,11.20933602,1.12755278,20.37777184,50.2451016,Day,534.03
10-01-2026,T1,Deposition,142,20.13850373,1.16290355,23.25787393,44.22782162,Night,894.99
10-01-2026,T5,Lithography,169,18.82085253,6.624366513,21.12813829,42.66159316,Day,1015.98
11-01-2026,T1,Lithography,148,14.95141212,3.604126601,23.10565184,45.1120531,Day,974.86
11-01-2026,T1,Lithography,79,20.83063488,4.536766607,23.30582986,44.80074402,Day,853.85
11-01-2026,T3,Lithography,149,10.13005182,7.337673835,20.36514671,44.78970456,Day,923.32
11-01-2026,T5,Etch,189,13.94397454,5.707629193,23.00949812,51.87368566,Day,887.94
11-01-2026,T1,Lithography,230,15.93304366,1.40291132,22.19811553,46.62295752,Day,1087.45
12-01-2026,T2,Lithography,58,19.13812758,5.327526443,20.4044907,41.26160209,Night,830.88
12-01-2026,T5,Deposition,227,20.70276291,2.026233752,22.05330467,43.49842109,Day,1124.61
12-01-2026,T4,Etch,120,21.83201277,6.273647297,21.50503834,41.25251075,Day,847.84
12-01-2026,T5,Deposition,140,12.98468985,3.311767703,21.73780738,43.80523261,Day,816.03
12-01-2026,T4,Etch,154,18.93053988,5.76727599,20.95002589,46.00334339,Day,781.79
13-01-2026,T4,Etch,105,16.34044146,4.054350821,23.208437,54.66851003,Day,619.53
13-01-2026,T5,Lithography,278,13.03588202,5.867877862,20.30173819,42.49323148,Night,1199.55
13-01-2026,T1,Deposition,208,21.9499765,5.878475391,21.53680733,51.05651059,Day,1076.36
13-01-2026,T4,Etch,171,12.25745392,4.245888835,21.41340891,48.75484168,Night,744.04
13-01-2026,T4,Etch,277,21.83452893,5.887131998,22.14438547,44.64291424,Day,1204.71
14-01-2026,T5,Etch,84,19.87044692,7.648599393,22.90287803,49.20122794,Night,769.53
14-01-2026,T2,Deposition,79,20.39276667,1.316530691,20.1054679,45.6469505,Night,759.27
14-01-2026,T1,Deposition,76,16.82897763,1.444582807,20.14728747,42.00778178,Day,633.45
14-01-2026,T5,Lithography,269,19.75481211,7.998023713,23.98654735,48.33147558,Night,1269.37
14-01-2026,T1,Deposition,100,13.29678156,2.450593543,23.51288267,51.35498698,Day,696.51
15-01-2026,T2,Lithography,88,18.05887835,4.642153906,23.08927357,47.80245252,Night,848.67
15-01-2026,T5,Deposition,300,14.84179439,1.938106599,20.11513071,51.32705884,Night,1182.97
15-01-2026,T5,Deposition,124,12.55556994,1.954600329,20.05817866,45.25881338,Night,639.34
15-01-2026,T3,Lithography,275,14.1790656,4.597926424,23.13461205,45.94814173,Day,1240.99
15-01-2026,T2,Lithography,182,19.55766131,4.215427656,23.36836566,51.53376612,Day,1012.59
16-01-2026,T3,Lithography,252,10.91035994,1.902158053,20.51218336,42.2785404,Night,1108.53
16-01-2026,T4,Etch,145,15.68753968,5.67290417,20.68927948,42.88433528,Day,747.12
16-01-2026,T5,Deposition,182,15.52934522,2.444336029,21.45707944,47.55125906,Day,869.79
16-01-2026,T5,Lithography,75,19.59292479,5.395302726,20.32703613,53.10367936,Day,878.7
16-01-2026,T1,Lithography,229,12.51219188,3.59330472,21.93809194,49.27382157,Day,1022.17
17-01-2026,T2,Etch,63,11.7728691,1.9318185,22.74866202,52.66661009,Night,495.84
17-01-2026,T3,Lithography,266,18.84886247,2.275987149,22.25586037,52.61064979,Night,1271.93
17-01-2026,T2,Deposition,74,20.68632737,5.155147175,22.71640928,51.83756858,Night,725.97
17-01-2026,T2,Lithography,217,15.17991455,1.89306212,21.13510362,45.44623445,Night,1059.97
17-01-2026,T2,Deposition,233,15.97897237,3.312439369,23.7347673,40.11301545,Day,992.1
18-01-2026,T4,Deposition,239,13.42114202,2.213615167,23.5870617,41.20350618,Day,928.09
18-01-2026,T3,Lithography,278,21.7885434,1.784272315,21.5914224,54.5420565,Night,1322.21
18-01-2026,T1,Deposition,279,18.02371864,7.505631924,22.22705157,48.57419034,Night,1186.7
18-01-2026,T3,Etch,182,12.24452498,3.265754655,21.70174575,47.61415568,Night,768.79
18-01-2026,T2,Deposition,87,16.97485866,2.080539007,21.92456041,47.98884149,Night,695.08
19-01-2026,T1,Deposition,297,11.61297612,1.443624793,23.95984093,44.83530767,Night,1045.57
19-01-2026,T5,Etch,58,17.14766489,4.30103332,21.64736366,45.233024,Day,638.17
19-01-2026,T1,Etch,237,21.58032293,1.870080564,22.9234699,54.07510685,Night,1088.72
19-01-2026,T5,Lithography,278,12.41952784,2.1455916,20.65706319,52.2186208,Day,1209.08
19-01-2026,T3,Deposition,111,14.30596581,7.140403786,21.56978043,52.24899159,Night,655.88
20-01-2026,T3,Etch,146,18.97131256,4.519042731,20.92885078,53.4936186,Night,794.96
20-01-2026,T2,Deposition,153,12.74830469,4.799945174,21.72611257,44.99223679,Day,826.72
20-01-2026,T4,Lithography,206,15.94508352,6.190226378,22.2926034,54.96538924,Day,1114.78
20-01-2026,T1,Etch,278,19.34286327,2.001895899,20.81817837,50.71096123,Day,1185.46
20-01-2026,T5,Lithography,277,15.48400263,5.227705105,22.00915339,48.09790956,Day,1212.7
21-01-2026,T5,Lithography,125,19.26258377,1.085421506,22.3937708,48.48262521,Night,955.88
21-01-2026,T4,Lithography,123,14.11029109,2.591456881,21.69438745,44.31894425,Night,900.25
21-01-2026,T3,Deposition,153,16.07066415,5.280179648,20.07244074,53.08185863,Day,856.65
21-01-2026,T4,Etch,86,18.48686361,2.0677733,22.30515344,49.1007257,Night,711.33
21-01-2026,T3,Etch,89,20.08527558,7.374803388,20.49124313,43.53859052,Night,728.11
22-01-2026,T1,Etch,231,16.22605669,5.13892805,21.59601082,40.82142458,Day,958.8
22-01-2026,T1,Deposition,106,10.05558428,3.334494202,21.59267477,48.06093404,Night,621.68
22-01-2026,T2,Lithography,140,15.42661529,2.572233761,21.80975806,42.11285531,Night,923.67
22-01-2026,T1,Lithography,247,10.40654992,3.180312198,23.12198283,44.16380759,Night,1019.72
22-01-2026,T1,Lithography,133,15.50786786,4.901137582,23.44252807,48.02604578,Day,870.04
23-01-2026,T1,Lithography,273,10.80491773,6.249723293,20.83962237,53.47081434,Day,1103.39
23-01-2026,T5,Etch,193,16.7780936,1.459960476,23.10211047,46.79933252,Night,862.03
23-01-2026,T2,Deposition,162,14.80915673,4.917482319,20.62096098,42.72892196,Night,791.25
23-01-2026,T2,Etch,104,11.87383117,6.011805602,22.63569577,40.40643989,Day,591.48
23-01-2026,T3,Lithography,121,11.24930298,6.599412598,20.71417865,49.79119162,Day,787.66
24-01-2026,T3,Etch,262,14.8767077,3.267930428,20.34770006,49.49861162,Night,1001.35
24-01-2026,T1,Lithography,196,11.47332268,7.135108531,22.57170225,50.55919203,Day,982.49
24-01-2026,T3,Deposition,179,14.35671055,1.239596776,23.32261803,45.17788217,Day,888.34
24-01-2026,T1,Deposition,221,12.6341263,7.821830856,23.1190351,41.71356889,Day,964.1
24-01-2026,T1,Deposition,258,13.22412831,4.791439503,22.53391288,43.86831528,Day,1031.13
25-01-2026,T3,Deposition,203,16.30828219,2.201755001,21.08922931,40.27586015,Night,885.97
25-01-2026,T1,Etch,279,19.95690164,2.444948902,20.04398331,42.05328445,Day,1157.32
25-01-2026,T1,Lithography,268,17.16895723,5.203618023,22.6601467,42.63056918,Night,1218.34
25-01-2026,T4,Deposition,95,10.5635916,2.163983581,22.95213447,41.24198002,Night,642.23
25-01-2026,T4,Lithography,78,14.67154737,3.020856157,21.42269087,50.78568858,Night,773.75
26-01-2026,T2,Lithography,201,21.24195687,6.12800468,20.85976151,40.46774703,Day,1085.05
26-01-2026,T4,Lithography,293,10.61710976,4.47456373,22.3873714,45.01365836,Day,1143.99
26-01-2026,T1,Etch,266,18.4591066,5.188002408,21.83872605,41.13900116,Day,1103.1
26-01-2026,T2,Etch,221,21.61239266,1.03677673,20.41237498,44.71894835,Night,1056.96
26-01-2026,T1,Lithography,111,21.49804952,6.308746898,22.55579754,51.38553768,Night,1003.11
27-01-2026,T5,Deposition,247,21.7669216,7.323546688,22.58665968,50.39762817,Night,1177.62
27-01-2026,T2,Lithography,200,16.66967898,4.312470827,21.25141943,41.80783868,Day,1046.32
27-01-2026,T1,Lithography,121,21.65269894,7.609865424,21.89685687,52.93063976,Night,975.38
27-01-2026,T2,Lithography,63,17.15523854,2.610061861,20.48226754,41.15429802,Day,795.91
27-01-2026,T5,Lithography,267,18.69720126,1.457494386,21.26116135,48.09236939,Night,1205.21
28-01-2026,T2,Etch,286,17.39035826,2.630716323,20.09760313,53.05148311,Night,1147.12
28-01-2026,T3,Lithography,190,14.60756668,7.528129366,20.28011882,40.1422815,Day,1017.61
28-01-2026,T4,Lithography,59,11.10039202,3.354593247,22.09007677,50.98407711,Day,624.17
28-01-2026,T1,Lithography,191,13.56403452,6.969752752,22.86221326,48.83662802,Day,1017.6
28-01-2026,T1,Lithography,170,18.15576739,2.527777215,23.79984474,51.79517522,Day,1003.45
29-01-2026,T3,Deposition,233,20.61038774,5.205589125,23.61489587,54.83777365,Day,1105.73
29-01-2026,T4,Etch,103,17.29284154,4.588819577,20.92267925,42.64792048,Day,712.99
29-01-2026,T2,Etch,299,19.35501368,3.450876814,20.23137071,54.53653945,Day,1230.26
29-01-2026,T1,Lithography,276,12.69328686,2.566723304,22.14789769,48.89409902,Night,1125.68
29-01-2026,T5,Deposition,154,14.69403719,2.910715624,21.90670731,40.66564995,Day,838.12
30-01-2026,T3,Lithography,265,13.03178913,1.035574979,22.78285717,40.73175373,Night,1114.72
30-01-2026,T2,Deposition,109,11.31362632,7.261359517,23.96590134,40.92275539,Day,681.48
30-01-2026,T3,Deposition,105,17.94534412,4.806452356,23.45797152,51.00864878,Day,819.27
30-01-2026,T3,Etch,108,11.92480126,3.338062151,20.95476013,53.95135526,Day,631.65
30-01-2026,T4,Lithography,284,21.53578346,4.258290061,23.51628592,40.07717756,Day,1308.55
31-01-2026,T3,Etch,88,11.92911875,6.725769169,23.32853671,47.61201601,Night,599.6
31-01-2026,T1,Lithography,237,10.10886886,6.730755943,20.51379487,44.25014422,Night,1038.87
31-01-2026,T2,Etch,275,14.10246599,5.428353252,23.72811242,41.53764592,Night,1043.01
31-01-2026,T2,Lithography,66,19.25181151,5.960004032,21.89429555,40.86880691,Night,837.87
31-01-2026,T3,Deposition,63,21.68186763,7.782144987,22.99860733,41.9512936,Night,830.41
01-02-2026,T2,Lithography,275,13.28352,7.979871501,21.70472521,46.77080536,Night,1181.37
01-02-2026,T5,Etch,165,20.07936598,6.40975946,20.92021473,41.9700269,Day,832.61
01-02-2026,T2,Deposition,211,12.55725645,1.21793858,22.6066673,45.52789516,Day,873.65
01-02-2026,T4,Lithography,109,12.22630619,7.080362176,23.10638741,51.56382767,Night,813.67
01-02-2026,T3,Etch,221,10.39031415,7.445934935,22.46660126,51.94805936,Night,884.76
02-02-2026,T1,Deposition,248,11.50222951,5.798957011,21.72122358,43.0078709,Night,952
02-02-2026,T5,Etch,137,15.19896099,7.890459852,20.59832257,46.96897895,Night,763.86
02-02-2026,T2,Deposition,144,18.66265154,5.598887003,23.02823707,54.28972957,Day,891.04
02-02-2026,T3,Etch,125,21.83995112,1.9974688,21.99555261,49.27233601,Day,846.87
02-02-2026,T4,Etch,217,10.11725017,3.285229158,22.07084657,41.31799749,Night,815.17
03-02-2026,T4,Deposition,152,11.59258905,4.972785938,22.75785988,52.00880049,Night,764.48
03-02-2026,T2,Deposition,221,11.25481408,5.455011747,22.82590291,40.47379217,Day,988.54
03-02-2026,T2,Deposition,111,17.34709583,4.390789133,22.64328047,48.29502179,Night,792.72
03-02-2026,T2,Deposition,176,17.72293234,4.684818627,22.92635809,41.22444973,Night,888.37
03-02-2026,T5,Lithography,100,11.94007053,1.146027975,22.61305208,44.98471938,Night,719.48
04-02-2026,T1,Lithography,205,12.39450941,5.761597697,20.28879364,40.45978753,Day,992.61
04-02-2026,T5,Lithography,238,20.1549435,5.401353727,22.94140119,51.51585832,Night,1146.65
04-02-2026,T4,Deposition,228,16.9441049,4.070307934,22.90103064,47.30003412,Day,961.63
04-02-2026,T3,Deposition,174,12.52794627,5.360766085,22.52624088,50.99669534,Night,812.2
04-02-2026,T3,Deposition,149,20.90839025,2.257781762,20.9501733,54.57092641,Night,928.39
05-02-2026,T5,Etch,295,20.44899882,4.117136785,22.05926942,45.38850054,Night,1176.01
05-02-2026,T2,Lithography,194,14.69297844,7.785886256,21.03253373,49.85104997,Night,1074.51
05-02-2026,T4,Etch,96,12.81608846,7.185967688,21.7680975,44.96334044,Day,599.5
05-02-2026,T5,Deposition,143,11.74907882,4.146036846,22.35153748,54.22875032,Night,717.13
05-02-2026,T4,Etch,214,14.28078464,4.734583477,23.12716132,50.58078391,Day,849.34
06-02-2026,T4,Lithography,183,12.47009452,1.783437336,21.07899845,40.85630284,Day,965.08
06-02-2026,T5,Etch,84,15.42638834,7.537125123,21.26462442,47.60852213,Day,652.24
06-02-2026,T4,Deposition,230,15.75876498,5.801774152,20.06951916,44.84695986,Night,1021.38
06-02-2026,T3,Deposition,221,16.38693987,1.880190583,20.53085862,42.15313543,Day,1006.57
06-02-2026,T2,Deposition,168,11.94858274,2.318443586,22.9233179,42.34245767,Night,828.47
07-02-2026,T2,Lithography,207,15.96609717,5.324930681,23.47561994,48.5591462,Night,1020.66
07-02-2026,T4,Lithography,138,18.27432101,5.7355937,20.86270061,49.88328205,Night,1026.55
07-02-2026,T2,Deposition,243,21.99296471,1.337484272,23.90869674,46.10361941,Night,1091.31
07-02-2026,T5,Etch,126,13.46422715,1.763767422,22.60204659,51.47786297,Day,673.91
07-02-2026,T2,Deposition,282,13.8063486,7.082304379,21.50268901,44.45303912,Day,1135.04
08-02-2026,T1,Etch,114,14.39753842,3.773208841,22.78186883,45.82837152,Day,616.71
08-02-2026,T1,Lithography,151,10.87835109,5.224140154,22.67285119,49.29235519,Night,841.99
08-02-2026,T1,Lithography,75,21.41774272,6.93017153,23.65694606,52.20649432,Day,819.94
08-02-2026,T4,Lithography,225,16.59297086,6.228130013,22.86196363,47.81851199,Day,1131.65
08-02-2026,T5,Lithography,296,20.76057148,1.49896189,23.81864012,49.82039622,Day,1283.69
09-02-2026,T5,Deposition,83,11.99597929,5.321462302,22.0923389,50.05144052,Day,605.85
09-02-2026,T5,Lithography,84,16.97118464,1.627384374,22.87054314,45.9985781,Night,756.07
09-02-2026,T4,Deposition,190,12.21502155,3.066948025,23.17362903,42.7784267,Day,855.73
09-02-2026,T4,Deposition,103,16.60271851,1.30388773,22.5326055,54.27105013,Day,780.21
09-02-2026,T4,Etch,58,17.75927096,2.2234141,21.44309008,53.58836657,Night,623.74
10-02-2026,T1,Deposition,86,13.62472602,6.123706473,23.40469704,50.07137004,Day,688.53
10-02-2026,T2,Etch,291,11.83580561,2.646649094,23.4770385,47.09337948,Day,1043.72
10-02-2026,T5,Etch,225,13.74726143,2.611723179,20.82474466,49.5694119,Night,934.88
10-02-2026,T1,Deposition,51,13.29448305,5.179328418,22.70336498,46.6407545,Day,523.31
10-02-2026,T5,Lithography,290,10.1898531,3.387630171,23.27482823,49.04829115,Day,1165.61
11-02-2026,T5,Deposition,281,17.74347805,5.170255097,21.60475166,45.50434119,Night,1152.5
11-02-2026,T1,Lithography,62,16.22871749,1.473287945,23.20142603,43.50568123,Night,777.13
11-02-2026,T2,Lithography,93,13.89200504,3.331013391,22.67794782,54.91209042,Night,775.65
11-02-2026,T2,Deposition,84,18.76780612,4.256439286,20.24056937,48.43445224,Day,704.28
11-02-2026,T2,Deposition,170,19.86167733,1.008656758,21.20341243,54.71854562,Night,961.73
12-02-2026,T3,Deposition,72,14.79179099,2.066912093,23.96993401,53.90501452,Day,683.51
12-02-2026,T5,Deposition,259,19.45482386,7.052803344,22.43394565,47.60257648,Night,1160.92
12-02-2026,T4,Deposition,191,11.41178834,2.591501101,21.36669801,45.71364288,Day,789.76
12-02-2026,T1,Lithography,229,13.35644246,7.596709134,23.49334665,42.42646317,Day,1053.45
12-02-2026,T3,Lithography,109,20.21709949,2.459573601,23.72238086,41.74549597,Night,898.46
13-02-2026,T2,Deposition,183,11.69533659,2.483877436,23.27494002,44.83791967,Night,872.19
13-02-2026,T3,Deposition,179,12.68337321,7.701260215,22.29216572,53.99096111,Day,831.72
13-02-2026,T1,Lithography,114,17.27503525,6.353668606,20.69935451,47.53849115,Night,998.69
13-02-2026,T1,Deposition,190,14.41041307,1.477206166,20.10324763,42.02749434,Day,887.04
13-02-2026,T4,Etch,127,20.51326231,2.944268366,23.40579455,40.00498759,Day,834.55
14-02-2026,T3,Deposition,109,14.37757863,3.705225888,22.25776436,42.87673683,Night,713.96
14-02-2026,T2,Etch,105,13.56826058,4.012360243,20.68265903,41.11944722,Day,586.08
14-02-2026,T4,Deposition,164,12.13319665,5.841326389,22.4722067,49.49784439,Night,779.08
14-02-2026,T4,Etch,213,16.32449757,3.982583687,20.52284151,53.29906323,Night,902.62
14-02-2026,T5,Lithography,204,14.96955703,6.792765269,22.93445752,51.5395734,Day,1051.02
15-02-2026,T3,Etch,279,13.1177585,6.322028762,20.54843882,48.02965197,Night,1024.56
15-02-2026,T1,Etch,267,12.89441749,7.831116284,23.20614845,54.39364966,Day,968.89
15-02-2026,T4,Lithography,198,20.13228499,1.686578065,21.95296455,42.25072997,Day,1105.18
15-02-2026,T4,Deposition,276,14.51065942,3.76133395,21.83778707,51.77524816,Night,1060.44
15-02-2026,T1,Deposition,97,13.05604746,6.886101056,20.1537054,53.52642988,Night,724.44
16-02-2026,T5,Lithography,83,14.63618692,4.150871027,20.90785878,53.34086374,Day,807.24
16-02-2026,T5,Etch,150,10.57396984,1.266152938,22.98482903,49.88553301,Day,671.44
16-02-2026,T3,Lithography,66,21.47801678,6.162558516,21.41300563,44.44803372,Night,910.63
16-02-2026,T3,Lithography,235,11.1807478,5.622119038,23.05749065,43.97569642,Day,1020.09
16-02-2026,T4,Etch,185,19.23067777,5.372644982,21.52775856,43.08530893,Day,941.26
17-02-2026,T1,Etch,171,15.73906353,7.270702182,21.28886201,41.87850356,Day,808.83
17-02-2026,T3,Deposition,62,16.9890719,6.236512256,23.24707915,49.84717911,Night,658.79
17-02-2026,T2,Lithography,202,14.51191468,4.850643583,21.55461119,42.45525702,Day,996.3
17-02-2026,T4,Deposition,262,18.11178731,4.472334871,20.05085956,54.88623101,Night,1076.28
17-02-2026,T1,Etch,67,17.63284916,2.5474436,23.91358912,51.22287859,Day,672.95
18-02-2026,T4,Lithography,135,19.03824803,2.885319088,22.15822488,50.91920765,Night,967.01
18-02-2026,T4,Lithography,144,15.86072956,2.054732754,21.36953454,46.20124674,Night,885.27
18-02-2026,T5,Etch,233,17.34328606,1.741514988,20.60627749,41.40635381,Day,1023.56
18-02-2026,T5,Lithography,155,16.6965079,6.682265518,22.96684825,53.2217617,Night,983.15
18-02-2026,T4,Lithography,113,19.60085162,2.428249442,22.2203398,50.99606944,Night,865.72
19-02-2026,T1,Etch,293,16.28991005,6.936334538,23.35985592,52.49020704,Day,1140.28
19-02-2026,T1,Deposition,170,18.14054587,6.293852605,23.36788149,47.05478581,Day,889.15
19-02-2026,T5,Deposition,295,17.11653201,3.740679887,21.65048736,50.4342722,Night,1176.04
19-02-2026,T5,Deposition,223,14.26591613,6.559381319,20.37196256,48.823034,Night,1068.75
19-02-2026,T5,Deposition,293,16.72792113,5.224413666,22.70587175,52.074835,Day,1159.98
20-02-2026,T4,Lithography,112,10.92469935,1.409856505,21.33695327,51.77345466,Day,788.01
20-02-2026,T3,Etch,143,13.93831304,4.038135563,20.35440172,43.30917929,Night,762.96
20-02-2026,T3,Lithography,252,18.80338996,3.096104573,20.6939203,49.56329897,Day,1155.23
20-02-2026,T4,Lithography,186,21.40375304,2.420554573,22.26219986,54.69470073,Day,1105.94
20-02-2026,T3,Etch,162,17.02972175,5.105353645,22.79068251,53.94425384,Day,822
21-02-2026,T5,Etch,214,15.77087201,4.046262795,23.74941318,50.59028511,Night,946.06
21-02-2026,T2,Deposition,88,15.95753383,4.057954918,22.91803291,51.48269348,Day,715.32
21-02-2026,T4,Etch,133,17.88346188,7.696302348,20.27583207,40.85582082,Day,759.07
21-02-2026,T4,Lithography,232,20.87505497,2.746823399,21.0877989,51.39097394,Day,1259.59
21-02-2026,T4,Etch,277,10.4033632,1.438572424,23.62574981,42.08868057,Day,943.01
22-02-2026,T4,Deposition,268,14.16811992,7.29883342,20.08729359,49.95684529,Day,1083.8
22-02-2026,T5,Deposition,285,19.45255619,5.370978125,21.97792453,54.69326261,Night,1224.64
22-02-2026,T5,Lithography,267,12.29428842,3.367841737,21.23479497,54.20553982,Day,1092.61
22-02-2026,T1,Etch,110,12.72891395,3.827845134,22.17018321,51.87549983,Night,633.69
22-02-2026,T1,Etch,247,12.71376462,6.928431097,21.71452219,42.11439441,Night,911.92
23-02-2026,T2,Deposition,161,15.52194717,6.244985989,21.16235024,51.80455202,Night,890.83
23-02-2026,T4,Lithography,148,10.62347893,6.503947396,20.80545513,43.87931252,Night,830.03
23-02-2026,T4,Deposition,169,11.51504539,5.617405565,20.64647925,43.83240017,Day,769.02
23-02-2026,T5,Etch,107,19.00875408,4.905865171,22.21005446,41.41227865,Night,700.77
23-02-2026,T2,Lithography,216,17.88136126,6.754722124,21.52168003,51.63417776,Night,1093.96
24-02-2026,T3,Lithography,61,16.27995557,3.009965707,23.17141768,48.66390049,Night,789.81
24-02-2026,T2,Deposition,261,16.6938423,2.162240194,22.45389255,45.44651105,Night,1106.97
24-02-2026,T3,Deposition,89,16.08461325,5.186788406,20.13353441,45.45539687,Day,742.53
24-02-2026,T5,Deposition,159,11.00156902,7.176914579,23.21441414,47.5781016,Night,806.42
24-02-2026,T1,Lithography,168,11.46920678,6.076298836,21.29204479,54.95617236,Day,922.02
25-02-2026,T3,Etch,74,19.87550135,2.468270634,21.5161085,54.60186085,Night,652.01
25-02-2026,T4,Etch,165,21.018496,1.775239117,23.03832964,54.8209835,Day,911.28
25-02-2026,T1,Etch,275,19.83106126,7.158753398,22.10173965,43.66509911,Night,1177.04
25-02-2026,T4,Deposition,210,12.87848935,1.993803928,21.39176565,46.75526468,Night,934.33
25-02-2026,T1,Etch,188,20.12484792,2.777824122,20.1244624,51.08942103,Night,990.02
26-02-2026,T2,Deposition,217,10.04580561,5.771686377,20.66852805,49.82923615,Day,878.11
26-02-2026,T2,Etch,87,14.32453384,1.479537846,23.05262117,46.12459514,Day,582.87
26-02-2026,T4,Deposition,253,12.79315777,6.651772212,20.23637556,53.48271082,Night,1054.51
26-02-2026,T3,Lithography,140,14.67711265,3.656520324,20.90692153,45.7241791,Day,904.32
26-02-2026,T3,Lithography,127,15.74884076,1.126000623,21.68577617,40.40762524,Night,890.14
27-02-2026,T4,Etch,255,18.7200519,3.133257668,23.31757866,44.22281798,Day,1099.02
27-02-2026,T4,Deposition,215,11.44296672,1.478386549,21.05326314,40.69185347,Night,818.36
27-02-2026,T3,Etch,282,13.59902934,6.202352391,20.19257134,53.54342493,Day,1067.33
27-02-2026,T2,Etch,159,14.08487012,7.923198508,22.50470469,47.96974781,Day,772.75
27-02-2026,T4,Lithography,113,19.46993016,5.013445419,22.63530028,43.78460875,Day,955.93
28-02-2026,T5,Lithography,210,18.85078899,4.676678303,20.13058271,53.02827259,Night,1079.88
28-02-2026,T3,Deposition,142,12.04698294,7.636758241,21.78098445,51.83203396,Night,763.03
28-02-2026,T3,Lithography,141,11.25069763,3.691579294,21.95066827,49.78336389,Day,836.1
28-02-2026,T1,Etch,136,14.88366292,7.240360109,20.01168413,40.59648947,Night,775.37
28-02-2026,T2,Lithography,260,13.32177169,7.800728836,21.32538803,47.23061587,Night,1168.88
01-03-2026,T5,Etch,238,10.06606959,1.053648229,20.87627524,40.55082044,Day,810.46
01-03-2026,T4,Etch,88,19.63102815,5.004340504,22.0506709,44.40233235,Night,715.57
01-03-2026,T5,Etch,66,11.36606072,3.416562,22.02964775,53.11333787,Day,543.73
01-03-2026,T5,Lithography,196,15.40716423,7.505986861,20.66081576,45.84808529,Night,1069.23
01-03-2026,T5,Etch,61,18.09529423,3.077093488,22.87371692,54.31049691,Day,639.23
02-03-2026,T5,Etch,223,10.61362458,2.803250542,20.2380988,49.05693179,Day,817.33
02-03-2026,T1,Lithography,131,11.1074175,5.174250632,22.19833463,53.50481902,Night,827.72
02-03-2026,T4,Deposition,192,18.99820917,3.888727283,22.5843847,49.69675135,Day,993.11
02-03-2026,T2,Lithography,250,17.35088162,7.115890154,22.89589222,41.80837625,Night,1234.44
02-03-2026,T2,Etch,180,16.40760967,1.994959867,20.04682644,46.3305139,Night,846.17
03-03-2026,T5,Lithography,150,11.47603954,4.910496775,21.37266941,50.93760231,Night,785.85
03-03-2026,T1,Deposition,70,18.30991392,4.009517542,22.69186649,44.13071761,Night,743.65
03-03-2026,T4,Deposition,244,15.40148033,5.054864477,23.0374041,41.48310426,Night,1012.48
03-03-2026,T3,Deposition,106,10.32904372,3.750819577,22.1032504,47.6752208,Day,655.83
03-03-2026,T5,Etch,96,11.85351697,1.178134319,22.58328955,49.55353476,Day,539.27
04-03-2026,T3,Lithography,268,14.91554674,3.178522465,22.70848256,49.08668874,Day,1124.6
04-03-2026,T4,Deposition,80,18.25929083,1.983870773,21.9423588,40.4130508,Day,690.89
04-03-2026,T3,Lithography,94,14.61048056,1.272972088,20.12382316,45.8198014,Day,765.8
04-03-2026,T2,Etch,174,14.44476384,3.623624974,21.89602571,46.6619157,Night,874.87
04-03-2026,T2,Etch,78,13.46086525,7.727948398,21.55792758,45.78267857,Day,623.69
05-03-2026,T5,Etch,190,16.50045775,6.333312688,23.33459985,46.60662025,Day,815.12
05-03-2026,T2,Deposition,158,12.33548604,1.403533075,21.36979192,44.05371538,Night,779.1
05-03-2026,T3,Etch,240,11.67036042,4.108306244,22.50493729,47.33346748,Night,928.37
05-03-2026,T3,Etch,148,20.56377715,5.363841707,22.27750944,49.3099072,Day,854.65
05-03-2026,T4,Etch,150,16.51629501,2.594248153,23.85611539,53.64181916,Day,739.23
06-03-2026,T3,Deposition,96,20.43962992,1.914566407,23.16203918,41.87231221,Day,762.07
06-03-2026,T2,Deposition,164,15.55210726,7.866911647,21.93362974,52.95321284,Day,915
06-03-2026,T2,Deposition,210,16.75254039,4.088565996,22.42302121,53.78102066,Day,1038.5
06-03-2026,T5,Deposition,131,15.32147004,5.214818897,22.36562704,52.09884013,Day,756.8
06-03-2026,T3,Lithography,121,20.2475436,4.074048716,23.38787542,53.39635308,Day,974.77
07-03-2026,T5,Lithography,257,19.15115674,7.504801786,20.12219783,53.08072508,Day,1130.03
07-03-2026,T2,Deposition,175,17.73364333,6.738584635,21.33362929,50.99576785,Night,995.78
07-03-2026,T3,Lithography,57,21.9357837,1.62868508,20.00927019,40.66242904,Night,834.03
07-03-2026,T4,Etch,50,10.82835449,1.039660702,23.74836411,52.32889954,Day,467.33
07-03-2026,T3,Deposition,153,14.78920226,6.062046405,21.12133784,50.31109546,Day,838.93
08-03-2026,T3,Lithography,52,17.58507795,5.039284651,22.7910251,40.09133122,Night,727.49
08-03-2026,T2,Deposition,193,15.73911861,2.01637559,22.84044023,50.00281632,Night,931.43
08-03-2026,T4,Deposition,244,19.64179292,7.504596375,21.62041078,53.59166503,Day,1117.29
08-03-2026,T1,Etch,207,21.74777338,5.224451672,21.43125634,49.71726169,Day,942.83
08-03-2026,T1,Lithography,81,15.3921969,5.101053519,22.49913545,41.07663709,Day,736.55
09-03-2026,T4,Deposition,102,19.64750209,4.867506772,22.08067957,42.14313942,Night,833.68
09-03-2026,T2,Lithography,255,20.58390604,6.766446631,22.88688621,44.07320571,Day,1230.53
09-03-2026,T1,Deposition,203,18.58046463,5.154400341,23.5829069,48.74899777,Day,998.27
09-03-2026,T1,Deposition,221,18.89084867,3.213891048,20.40756955,45.40350878,Day,1071.45
09-03-2026,T4,Deposition,100,15.20580903,7.369602007,21.50927222,54.46117625,Day,711.02
10-03-2026,T5,Etch,264,15.92576849,3.713541638,22.53084751,50.55785637,Night,1074.65
10-03-2026,T1,Lithography,245,18.43048602,3.08636546,20.42145969,51.72735795,Day,1235.63
10-03-2026,T4,Etch,194,14.32060559,7.697598708,22.00160458,46.49093704,Night,815.4
10-03-2026,T3,Etch,248,19.21081154,3.915531023,23.28871955,52.75522002,Night,1052.59
10-03-2026,T1,Etch,252,18.76595633,5.533992197,23.18496238,51.31034552,Night,1065.92
11-03-2026,T4,Deposition,77,21.69510174,1.365390403,22.72877552,47.02231212,Day,749.38
11-03-2026,T1,Etch,284,14.41343185,1.406643665,20.44604885,47.73792854,Night,1070.91
11-03-2026,T5,Etch,73,20.05918431,5.96568077,23.79538382,40.47132732,Night,680.97
11-03-2026,T3,Lithography,66,20.87279063,2.866726377,22.899426,53.16470529,Night,830.88
11-03-2026,T1,Lithography,65,19.27505778,4.649072334,23.90405529,41.88325322,Night,793.65
12-03-2026,T5,Deposition,224,19.68586645,1.841450604,21.06233133,40.26328545,Day,1095.59
12-03-2026,T2,Lithography,106,14.46087154,1.00947538,21.19920211,49.69688112,Night,768.85
12-03-2026,T4,Lithography,250,16.56355902,6.808341842,22.42458626,44.36716372,Day,1163.31
12-03-2026,T3,Etch,206,12.95924362,4.388539488,22.98977763,47.10714743,Day,842.51
12-03-2026,T2,Deposition,186,12.86990533,4.715161487,22.60382934,49.66886762,Night,923.25
13-03-2026,T1,Lithography,285,17.43681486,7.272525783,23.38877776,44.72720559,Night,1290.24
13-03-2026,T3,Lithography,230,16.32718217,7.344946747,20.6555241,49.64228372,Day,1186.34
13-03-2026,T1,Lithography,282,18.27999685,5.830675908,23.72242722,47.45968669,Day,1242.64
13-03-2026,T1,Lithography,103,14.98770624,3.113416901,23.04435322,45.31401647,Night,838.13
13-03-2026,T2,Deposition,95,15.19379203,1.307299599,20.66299912,46.68312458,Night,696.41
14-03-2026,T4,Etch,157,20.12379597,7.868347704,23.1725715,52.80677383,Day,898.89
14-03-2026,T3,Etch,67,17.12273122,1.511570934,22.48937306,54.71766755,Day,626.44
14-03-2026,T4,Lithography,108,14.26049268,5.888178101,21.58082371,54.29345194,Day,820.04
14-03-2026,T2,Deposition,277,12.96808379,5.484306285,22.66640192,42.44049616,Night,1086.32
14-03-2026,T2,Deposition,135,17.23677167,6.847854816,23.13768343,45.65478313,Day,896.18
15-03-2026,T5,Deposition,153,20.17650508,6.102030096,20.38159711,46.43053031,Night,939.62
15-03-2026,T1,Etch,157,17.94920814,1.829518365,21.15553976,45.96754938,Day,773.87
15-03-2026,T5,Deposition,148,21.41114313,5.039858102,21.42848464,51.81323629,Day,872.07
15-03-2026,T4,Etch,230,14.30294154,5.596417516,20.96159565,42.87389419,Night,880.38
15-03-2026,T1,Etch,242,12.10266127,7.067392482,21.12991498,54.25688756,Night,936.89
16-03-2026,T5,Lithography,228,15.13002198,3.284369017,23.35863862,42.15721525,Night,1125.53
16-03-2026,T2,Etch,255,19.36438604,4.334350133,21.99015941,43.07020164,Day,1075.14
16-03-2026,T5,Etch,196,17.12562977,1.229667369,22.54416988,45.46531358,Night,922.7
16-03-2026,T1,Lithography,73,19.92096122,1.333488802,22.9069969,51.60859333,Day,811.23
16-03-2026,T2,Lithography,234,15.55952384,1.31782297,21.16011677,53.96514956,Night,1139.58
17-03-2026,T1,Etch,298,10.73597147,3.535233784,22.8925131,43.00840377,Day,928.22
17-03-2026,T5,Etch,52,20.59281257,1.363306605,20.76447484,44.65126808,Night,674.36
17-03-2026,T1,Etch,136,17.31557214,7.272285598,23.272107,43.79220409,Day,850.75
17-03-2026,T3,Deposition,175,14.04357671,7.996807431,21.62300467,43.30732652,Day,887.92
17-03-2026,T1,Lithography,80,19.04595641,1.144699582,21.07607859,47.76394452,Day,887.31
18-03-2026,T1,Lithography,59,15.78240975,3.531971784,23.79683451,49.48239249,Night,738.42
18-03-2026,T1,Etch,266,12.06507075,7.806939993,21.79525458,42.38537506,Day,949.03
18-03-2026,T3,Deposition,288,18.33514513,6.102867432,23.44676362,44.11107384,Day,1172.71
18-03-2026,T5,Deposition,133,21.74230562,6.995760566,22.80467945,50.90585142,Night,940.54
18-03-2026,T5,Lithography,114,13.74380824,4.377502942,22.0266906,45.80855907,Night,804.11
19-03-2026,T2,Etch,211,15.25193594,2.644813835,22.81948404,52.25692213,Night,913.95
19-03-2026,T1,Etch,217,10.62002466,4.533569188,22.87381579,52.93960707,Day,860.91
19-03-2026,T3,Lithography,129,11.58058034,7.057070312,20.62909283,44.64681789,Night,806.49
19-03-2026,T2,Deposition,106,19.56017677,2.753275292,22.4994964,48.57618975,Day,801.84
19-03-2026,T5,Lithography,76,14.93986553,7.544961023,21.72216084,53.16976745,Day,748.25
20-03-2026,T5,Deposition,108,14.27025711,1.587436751,21.33385037,50.16311418,Night,708.99
20-03-2026,T4,Deposition,128,11.39429148,6.466971255,23.14107525,49.01654043,Day,717.41
20-03-2026,T4,Etch,131,21.29526938,7.403117805,20.04592264,46.7517479,Night,874.06
20-03-2026,T1,Etch,267,16.98619876,2.431084018,22.07881705,41.11063327,Night,1056.86
20-03-2026,T3,Deposition,138,18.88193643,5.414903298,22.19842507,50.34668274,Night,881.98
21-03-2026,T3,Etch,279,10.82000926,4.012623248,22.78318991,46.87033318,Day,935.95
21-03-2026,T3,Lithography,207,17.69958291,5.926546177,21.49303926,48.45489957,Night,1181.57
21-03-2026,T1,Lithography,108,17.17201939,7.062669435,23.78693492,41.58858707,Night,859.67
21-03-2026,T2,Etch,108,18.83842274,7.180956774,20.81053054,48.81378807,Day,804.49
21-03-2026,T4,Etch,94,16.99511268,2.771710774,21.80101698,54.36371523,Day,723.35
22-03-2026,T4,Etch,95,12.26248727,5.707223486,23.90802782,41.52839651,Day,607.32
22-03-2026,T3,Lithography,176,19.68627183,7.029237381,23.26900925,47.69089591,Day,1069.72
22-03-2026,T3,Deposition,297,12.75006341,4.828131761,22.6827021,50.51301454,Day,1130.53
22-03-2026,T5,Lithography,273,20.93825552,1.206528386,21.42388413,40.23719794,Day,1238.38
22-03-2026,T3,Deposition,252,15.5072862,6.129134324,22.4269269,50.09307503,Night,1080.49
23-03-2026,T3,Lithography,126,19.44123404,3.782137098,22.05444419,43.80035755,Day,964.15
23-03-2026,T3,Deposition,228,19.24891037,3.992469552,20.82486962,51.99578146,Night,1102.18
23-03-2026,T1,Deposition,186,10.42009498,6.511613415,21.64535787,53.1058438,Day,813.77
23-03-2026,T3,Deposition,217,15.31054618,5.545256272,23.74512249,40.9600952,Night,958.73
23-03-2026,T3,Deposition,254,13.61255293,4.518418698,20.22470431,47.36643594,Day,1060.8
24-03-2026,T4,Lithography,104,18.55552009,1.080447313,21.63510904,53.86040306,Day,869.9
24-03-2026,T1,Deposition,70,18.96131967,6.043958841,23.30595236,46.69301831,Night,685.37
24-03-2026,T4,Etch,245,21.09473266,4.103145567,22.21352075,43.82323373,Day,1078.36
24-03-2026,T1,Etch,95,20.96546133,7.669705119,21.30697017,45.31637423,Day,780.95
24-03-2026,T2,Deposition,129,20.5158332,1.717975738,21.57092297,48.30056785,Day,805.65
25-03-2026,T5,Deposition,258,14.13737704,4.232904369,21.65806426,40.1987655,Day,1043.81
25-03-2026,T1,Etch,214,14.93312331,6.053504593,21.53921447,47.34064673,Day,983.66
25-03-2026,T5,Deposition,183,19.47318633,3.077506774,22.16547844,45.17844931,Day,949.84
25-03-2026,T3,Deposition,255,11.45794469,5.442474795,22.32857523,41.77622559,Day,967.68
25-03-2026,T3,Deposition,175,21.51835363,5.314103401,22.22751377,46.23662655,Day,958.08
26-03-2026,T1,Lithography,123,14.94237689,6.275162415,20.81466855,44.91328248,Day,960.39
26-03-2026,T5,Lithography,97,17.26765467,1.82042734,21.3488263,42.14262947,Day,888.7
26-03-2026,T2,Etch,62,14.70231248,7.269723443,20.81726553,47.61707596,Day,575.4
26-03-2026,T1,Lithography,300,15.69106025,4.924748065,22.51370583,50.32947444,Day,1265.05
26-03-2026,T4,Etch,205,18.36730503,6.268468059,21.86022099,53.11256023,Night,949.14
27-03-2026,T1,Lithography,206,12.20130636,6.984818137,23.53023951,46.99464634,Night,996.75
27-03-2026,T5,Deposition,106,19.64245191,7.3124182,20.81389097,41.00460418,Night,812.3
27-03-2026,T1,Lithography,165,17.77981609,1.518737958,21.50187571,52.05721818,Night,1028.26
27-03-2026,T4,Etch,283,13.85394583,2.540779281,21.40208214,45.58799911,Day,1027.2
27-03-2026,T3,Lithography,272,18.50518786,1.058545773,20.8706696,49.92526433,Night,1212.08
28-03-2026,T1,Etch,208,19.65393571,6.409667013,22.19367665,40.99694989,Night,1011.71
28-03-2026,T5,Etch,88,18.12968098,6.309513166,20.05851304,43.1086345,Night,759.71
28-03-2026,T4,Etch,120,17.94980736,3.428738618,21.56302061,42.38018311,Day,779.81
28-03-2026,T5,Deposition,283,16.94568105,5.42673927,20.62590686,47.1088183,Night,1096.11
28-03-2026,T5,Lithography,65,12.42705017,3.196787658,20.96600251,43.22368956,Night,716.7
29-03-2026,T4,Lithography,129,10.92366003,5.873093016,21.53119506,52.3274642,Day,803.52
29-03-2026,T2,Deposition,162,13.26335247,5.846512457,21.05624794,54.08602719,Night,767.49
29-03-2026,T5,Etch,159,12.62458736,5.167122861,21.05854011,49.92953417,Night,797.08
29-03-2026,T4,Lithography,119,19.44050009,6.415637954,22.9913543,42.25912155,Day,936.23
29-03-2026,T5,Etch,212,19.8919227,5.410279149,23.43248158,51.75658584,Night,942.02
30-03-2026,T1,Deposition,297,13.90348742,7.30672627,23.98463069,52.38123496,Day,1121.43
30-03-2026,T5,Deposition,76,21.98671134,3.286474746,22.99273565,52.0999758,Night,805.18
30-03-2026,T2,Lithography,140,12.89795782,1.282455788,21.64476607,41.95121005,Day,845
30-03-2026,T3,Deposition,207,13.75333587,5.580394038,20.92807272,40.21572169,Day,925.48
30-03-2026,T2,Etch,149,10.4672562,6.859837395,22.4781048,48.45093026,Night,739.18
31-03-2026,T2,Lithography,117,21.88814988,6.297111169,21.76917522,50.610955,Day,996.1
31-03-2026,T3,Etch,97,17.16222252,7.497274687,23.71655808,45.12857917,Night,650.97
31-03-2026,T3,Etch,99,17.79410716,6.630898418,22.86040065,48.89737329,Night,726.9
31-03-2026,T3,Lithography,195,14.34917587,7.045489949,20.44025314,53.87570763,Day,1001.74
31-03-2026,T3,Lithography,282,10.83760786,4.882813968,22.9911774,52.1538788,Day,1146.03
01-04-2026,T1,Lithography,253,10.50810735,5.0580831,21.81164428,54.23116593,Night,1077.8
01-04-2026,T1,Lithography,92,15.442948,4.1841071,22.74280217,53.65319552,Day,785.27
01-04-2026,T4,Deposition,62,11.84429251,5.00825063,21.1080501,53.81961268,Night,644.86
01-04-2026,T3,Deposition,57,10.7983313,2.615562577,23.66268893,49.24471738,Night,595.77
01-04-2026,T3,Lithography,94,21.7142437,5.784176442,21.50176444,52.00110148,Night,902.45
02-04-2026,T1,Lithography,168,17.42789878,7.585413098,23.10364613,41.91905387,Day,995.77
02-04-2026,T4,Lithography,168,14.75153906,5.685160264,23.56757241,44.59077195,Day,1020.93
02-04-2026,T4,Deposition,300,15.62928653,2.879935172,20.40391243,42.51236634,Night,1166.01
02-04-2026,T5,Lithography,175,11.99226188,1.80102063,20.03482459,42.33357155,Day,931.6
02-04-2026,T5,Deposition,109,19.91942015,3.559169907,21.41478675,44.53718544,Night,767.43
03-04-2026,T4,Etch,135,20.77885677,6.437623325,20.30591982,54.80093652,Night,833.65
03-04-2026,T3,Deposition,239,11.64578186,5.064893592,22.02203504,42.16118179,Night,949.61
03-04-2026,T3,Deposition,194,15.3009579,7.889641495,21.58283185,50.72779682,Day,907.11
03-04-2026,T5,Etch,67,18.00654805,6.439345,23.44881189,44.70813245,Night,598.38
03-04-2026,T5,Etch,186,21.28503049,1.110762204,22.09104057,47.06301034,Night,977.76
04-04-2026,T3,Lithography,276,19.59661496,1.86262803,22.7941225,46.24218051,Day,1347.51
04-04-2026,T5,Etch,290,12.10589953,4.974091226,22.31725787,47.34436693,Day,981.45
04-04-2026,T1,Etch,236,11.69468252,4.996141918,20.74108142,44.17964595,Night,931.11
04-04-2026,T4,Lithography,295,19.90853142,2.999952974,23.70849513,54.54889788,Day,1278.16
04-04-2026,T3,Deposition,236,14.04976391,6.106246389,22.29289278,45.06473953,Day,1011.45
05-04-2026,T4,Etch,218,13.03175237,4.640518428,22.08781201,48.83399612,Day,914.18
05-04-2026,T2,Deposition,69,14.51836345,2.624390178,21.06148045,48.31506212,Day,680.89
05-04-2026,T5,Etch,107,12.8450165,7.639520603,23.77866293,49.14912338,Night,684.49
05-04-2026,T2,Deposition,194,18.44899926,7.546204607,21.50322006,50.62182752,Night,1036.57
05-04-2026,T2,Etch,262,19.15472003,1.318167503,22.58640178,43.40111777,Day,1062.68
06-04-2026,T4,Lithography,264,17.51586822,2.949295102,23.41192798,53.92575258,Day,1291.86
06-04-2026,T1,Lithography,147,12.58600911,3.352049413,21.86273017,51.60071572,Day,875.7
06-04-2026,T3,Deposition,164,19.00923579,1.878404078,23.09108568,43.55399987,Night,931.78
06-04-2026,T5,Etch,217,21.14973661,3.711257626,20.26466076,40.28733228,Day,1030.57
06-04-2026,T1,Etch,164,14.14100495,1.210727105,23.8459693,50.0180186,Day,823.23
07-04-2026,T3,Lithography,300,17.33756333,5.749499778,21.2701988,52.72163853,Night,1265.25
07-04-2026,T3,Deposition,101,18.13736597,4.801150016,21.38754391,46.53467186,Day,810.89
07-04-2026,T3,Deposition,148,11.70706288,3.192142413,23.39813686,41.33484572,Night,753.05
07-04-2026,T4,Deposition,215,10.74170153,1.646523697,20.65116396,48.92819251,Night,883.77
07-04-2026,T5,Etch,83,12.27272101,1.035185868,20.24038564,53.57149513,Day,506.14
08-04-2026,T3,Lithography,54,11.37756313,7.590730372,23.1368247,46.93586765,Night,695.7
08-04-2026,T1,Etch,75,18.60544682,6.992927493,21.42707485,51.36196668,Night,643.13
08-04-2026,T1,Deposition,115,12.21558949,3.394753346,21.71983048,52.46423757,Day,647.34
08-04-2026,T5,Deposition,274,11.40308243,5.775072131,23.79959867,42.05634187,Day,1067.96
08-04-2026,T1,Deposition,119,20.8289564,3.407703806,22.93200043,49.87992032,Day,908.64
09-04-2026,T2,Etch,276,16.79926311,5.599213488,23.59354587,45.99278177,Night,1106.25
09-04-2026,T5,Deposition,230,15.56778038,1.830963669,23.92227291,43.22043831,Day,1015.63
09-04-2026,T1,Lithography,51,18.86640013,1.227104122,22.63487055,47.98437814,Night,688.16
09-04-2026,T5,Etch,269,21.80280648,2.817695873,23.87889453,46.46850805,Night,1171.63
09-04-2026,T2,Lithography,101,10.32700014,4.665105397,20.87303949,54.84147649,Day,688.35
10-04-2026,T2,Deposition,198,18.94215394,1.535079027,23.58353672,51.90894079,Night,993.09
10-04-2026,T1,Etch,139,11.87242974,6.842136668,21.43333863,53.69338667,Night,652.12
10-04-2026,T5,Lithography,76,19.37806777,2.930301831,20.81698704,40.25134457,Night,841.34
10-04-2026,T5,Deposition,98,15.04913442,5.211775148,23.74843578,44.67703205,Night,743.13
10-04-2026,T2,Deposition,66,21.13722203,6.914036292,20.89593018,43.58713818,Night,710.59
